"Lane","Correct","Corrected","Total","Percentage(%)","undetermined"
1,488875032,12246857,501121889,95.484077,23700578.5198987
2,496984513,10929985,507914498,95.800446,22265181.9568136
3,496749032,11650215,508399247,95.672958,22993591.2981532
4,488643991,12315071,500959062,95.485603,23684492.9032455
