"Lane","Correct","Corrected","Total","Percentage(%)"
1,488875032,12246857,501121889,95.484077
2,496984513,10929985,507914498,95.800446
3,496749032,11650215,508399247,95.672958
4,488643991,12315071,500959062,95.485603
